0,-0.02,0.33
0.06,-0.13,0.13
0.25,-0.49,0.12
0.38,-0.61,-0.06
0.29,0.17,-0.62
0.81,1.06,-3.28
4.72,-1.82,-1.58
10.36,-14.35,15.47
9.68,-17.03,28.71
1.15,-14.46,27.62
-7.86,-6.89,20.39
-14.28,6.5,7.9
-16.83,21.81,-8.49
-15.39,34,-21.44
-12,41.02,-34.43
-3.25,46.35,-49.58
8.41,48.54,-55.84
12.28,49.32,-56.06
12.93,49.35,-52.27
13.22,48.42,-46.16
13.47,45.47,-37.97
11.22,38.44,-27.15
10.61,21.74,-13.14
12.28,-8.89,1.71
22.26,-42.25,25.12
23.65,-42.97,34.52
21.23,-39.37,34.67
15.15,-29.67,29.99
5.82,13.98,6.98
13.22,50.3,-20.97
13.69,52.79,-35.24
6.78,39.07,-28.41
1.06,9.37,-17.71
1.47,-24.17,-14.67
4.89,-34.05,-13.79
19.18,-52.19,-4.33
34.23,-61.53,18.53
46.13,-62.58,50.79
32.9,-49.15,37.51
13.16,14.01,6.64
16.06,38.51,-9.65
22.5,53.09,-27.9
28.72,58.91,-48.72
29.52,58.11,-55.5
24.69,55.29,-51.67
17.24,48.87,-42.59
4.53,1.73,-18.13
12.94,-49.58,-7.68
26.4,-58.05,3.04
40.43,-66.05,15.97
59.66,-73.52,47.69
60.75,-70.02,62.09
42.77,-55.22,38.76
20.21,7.13,3.42
24.24,44.37,-22.54
32.55,55.39,-48.44
36.41,56.15,-62.53
29.72,49.18,-63.72
18.76,40.94,-53.5
13.47,33.74,-46.49
6.5,0.64,-27.68
12.46,-43.34,-16.88
37.93,-66.94,-6.34
46.81,-62.74,-5.07
46.33,-44.06,-1.2
48.91,-41.28,19.8
39.94,-18.77,20.77
35.79,23.72,4.86
38.89,46.6,-21.85
42.96,52.76,-47.22
45.23,53.82,-60.5
45.01,52.95,-60.72
44.19,51.7,-53.23
43.45,49.7,-46.58
43.89,48.85,-45.14
44.14,46.55,-42.35
44.23,34.13,-27.17
50.58,-23.88,4.36
61.64,-62.93,69.64
57.4,-58.07,69.56
52.64,-52.51,62.84
43.95,-7.27,16.27
46.27,30.08,-6.53
49.09,45.17,-22.55
46.17,44.42,-28.63
44.06,42,-31.67
37.51,28.45,-25.93
36.06,-2.28,-16.44
40.58,-14.92,-15.46
48.5,-25.22,-7.76
59.15,-48.56,10.33
64.82,-64.25,43.01
61.35,-62.23,67.75
54.7,-50.38,49.2
52.19,8.14,8.68
55.79,44.35,-15.19
56.43,55.41,-37.6
55.57,57.02,-53.22
54.52,56.19,-59.61
53.6,54.35,-56.6
48.6,33.29,-31.53
50.54,-3.26,-16.27
67.64,-56.43,0.09
74.25,-107.74,103.49
71.63,-117.99,128.38
61.72,-41.61,29.23
62.56,7.14,9.53
62.39,37.38,-8.69
60.58,53.68,-33.12
58.16,55.82,-43.81
53.48,48.64,-41.7
49.61,37.38,-34.56
48.44,12.39,-18.26
58.76,-38.27,-0.66
67.41,-62.21,21.05
65.4,-54.36,19.09
75.88,-51.65,11.83
75.56,-50.8,30.09
74.86,-20.2,23.02
75.52,21.08,8.31
69.26,44.35,-14.28
60.93,56.91,-52.97
56.47,56.35,-77.23
55.31,54.97,-75.73
55.53,53.85,-68.69
53.83,52.54,-72.25
54.63,52.21,-68.67
57.17,50.53,-57.66
60.49,47.79,-46.78
62.57,45.8,-41.83
64.43,44.03,-38.56
68.35,40.46,-31.89
72.97,33.53,-25.37
81.72,18.43,-15.3
90.37,-27.24,1.76
76.35,-72.94,67.79
64.26,-113.53,115.62
80.83,-41.84,33.5
88.01,7.03,10.94
84.04,29.79,-1.22
78.28,47.26,-15.77
71.91,54.63,-33.25
66.76,54.17,-45.56
70.46,35,-30.15
82.1,-2.56,-12.73
86.03,-18.38,-12.95
90.9,-26.37,-14.47
95.44,-39.5,-9.62
91.53,-58.2,7.63
80.73,-71.54,46.89
70.65,-109.31,90.3
65.15,-113.45,99.07
76.74,-54.27,44.19
94.52,-5.17,13.04
89.55,34.6,-4.71
82.71,49.48,-19.1
75.64,57.24,-35.48
70.12,55.88,-46.48
69.96,49.55,-42.45
72.19,43.83,-36.62
80.53,21.05,-22.19
92.41,-18.8,-10.78
93.63,-60.14,3.82
87.26,-77.09,33.77
77.94,-77.62,87.32
66.6,-109.85,114.38
94.06,-47.18,29.01
105.24,13.2,-0.94
90.44,43.04,-26.58
74.16,55.56,-54.72
68.1,54.57,-62.92
72.43,48.99,-52.17
82.24,36.93,-36.72
98.07,9.81,-21.47
104.82,-22.99,-12.12
98.73,-56.56,-2.2
95.61,-66.64,6.14
92.53,-73.35,25.83
88.84,-68.13,46.66
116.88,-22.9,19.61
112.87,24.92,-0.48
91.95,52.43,-31.53
73.85,56.69,-61.26
66.58,53.26,-70.96
71.93,52.61,-65.14
79.27,51.85,-57.82
88.25,50.63,-49.37
94.49,49.04,-44.07
107.73,42.66,-32.35
129.03,9.73,-8.27
127.58,-42.48,12.87
55.33,-112.35,105.69
49.44,-117.15,104.79
125.53,-32.53,24.96
126.11,19.05,-0.41
110.38,47.84,-24.17
103.15,49.17,-36.59
105.25,42.62,-36.63
120.35,12.68,-18.52
124.91,-14.43,-11.48
125.3,-31.44,-6.37
117.67,-52.15,9.14
99.54,-66.71,42.21
61.44,-113.83,96.22
119.55,-48.7,34.57
134.28,10.57,3.22
123.15,41.52,-14.97
107.54,54.75,-34.74
101.22,55.07,-43.85
100.91,53.16,-44.77
99.96,54.63,-46.12
99.37,57.93,-47.93
103.8,54.54,-43.65
116.56,42.65,-30.9
125.03,28.04,-21.75
130.11,-20.2,-7.35
114.49,-61.27,5.12
87.1,-81.37,66.31
52.51,-108.76,143.65
25.23,-125.09,150.85
14.59,-132.07,149.02
80.25,-69.13,79.6
143.76,-2.46,0.59
137.7,33.55,-17.36
113.4,56.86,-48.65
98.6,57.68,-64.21
115.83,48.75,-51.56
135.13,31.98,-34.93
140.81,-13.65,-17.93
127.64,-52.05,-5.49
117.58,-67.89,13.31
119.66,-74.3,39.41
156.28,-65.11,49.03
159.57,-22.17,17.18
152.31,24,-2
140.99,48.46,-27.2
118.98,55.5,-61.2
102.65,53.57,-74.87
109.68,52.32,-74.96
122.26,52.11,-72.01
137.19,52.73,-68.67
147.82,53.65,-67.72
155.65,54.12,-67.89
161.38,54.21,-64.97
165.69,47.99,-43.38
167.22,23.22,-16.77
171.19,-23.07,3.73
-145.72,-65.92,66.78
-137.22,-59.67,79.2
-173.06,-47.85,51.73
165.61,-9.25,18.72
159.94,35.42,-10.16
159.94,49.48,-32.47
161.87,39.79,-31.1
160.38,21.79,-21.11
160.63,-3.85,-14.14
162.69,-17.91,-12.22
167.1,-40.16,0.46
-173.06,-64.15,40.87
-113.32,-115.6,91.34
-160.01,-55.12,57.9
173.82,-1.98,13.35
171.77,43.62,-12.89
-179.64,59.66,-44.65
-177.3,55.56,-49.62
-179.6,49.04,-43.42
173.95,27.59,-27.04
169.67,-18.26,-12.15
171.75,-59.7,5.09
-117.18,-70.93,82.26
-112.7,-116.69,93.74
-173.46,-18.17,15.59
-176.54,26.09,-5.71
-169.69,49.23,-27.25
-163.67,54.16,-40.35
-165.73,49.61,-42.32
-172.76,38.6,-33.12
-179.5,0.1,-16.84
178.07,-34.94,-5.76
-174.86,-56.6,4.76
-155.45,-59.17,10.35
-145.33,-52.02,21.15
-156.41,-27.28,21.5
-164.21,13.38,9.92
-163.64,41.79,-6.96
-157.52,51.02,-26.46
-151.79,54.42,-45.78
-150.95,53.39,-49
-156.05,48.31,-35.31
-158.17,44.83,-27.62
-159.74,43.47,-26.28
-160.71,43.21,-26.9
-156.1,48.64,-38.71
-151.02,51.41,-51.38
-149.1,51.53,-52.82
-147.9,51.17,-52.63
-146.93,50.37,-50.35
-151.58,40.11,-33.13
-153.87,3.17,-7.04
-131.44,-55.23,28.29
-106.49,-118.03,117.61
-137.11,-47,44.16
-153.73,14.64,5.08
-145.1,48.69,-22.66
-146.95,47.32,-30.75
-155,33.15,-23.77
-160.76,0.32,-14.64
-155.13,-20.83,-11.9
-138.93,-44.5,-4.62
-118.1,-68.33,28.22
-109.26,-110.13,93.39
-122.04,-62.11,61.16
-142.85,-7.4,11.31
-141.89,32.54,-6.36
-137.78,49.93,-21.25
-136.04,54.38,-36.85
-139.4,50.04,-39.57
-140.44,47.29,-37.9
-148.92,24.57,-23.14
-146.13,-26.93,-8.79
-116.58,-70.01,6.83
-87.4,-115.47,148.62
-99.28,-115.57,132.3
-132.97,-22.91,12.18
-134.3,24.08,-8.01
-129.01,50.41,-31.61
-128.01,55.36,-46.32
-130.36,54.01,-51.84
-136.42,45.68,-43.3
-141.82,30.15,-30.14
-141.88,-13.09,-12.28
-128.58,-46.34,-0.33
-122.14,-47.65,4.92
-114.7,-52.29,22.56
-120.52,-36.54,27.32
-123,-9.28,13.85
-124.09,24.67,-3.1
-127.13,42.64,-26.68
-129.36,48.8,-48.66
-129.08,48.69,-50.32
-127.95,42.65,-34.04
-126.33,28.34,-15.93
-125.59,21.8,-9.16
-126.37,23.91,-10.74
-127.71,25.35,-12.04
-128.45,28.21,-14.2
-128.44,36.71,-23.11
-128.78,43.43,-34.85
-128.23,47.15,-43.91
-127.3,49.15,-49.03
-126.04,49.5,-48.34
-124.94,46.63,-41.49
-123.73,41.7,-34.13
-117.46,17.2,-13.18
-111.15,-41.71,19.5
-118.31,-118.77,105.03
-119.34,-39.87,40
-114.55,14.56,6.02
-114.83,37.51,-10.7
-116.74,45.16,-22.07
-119.06,42.54,-26.09
-120.67,26.43,-18.4
-118.71,-3.63,-11.19
-117.37,-9.18,-11.84
-110.96,-22.96,-9.3
-104.9,-43.18,0.5
-104,-60.1,16.45
-106.25,-65.44,32.96
-108.31,-67.45,46.89
-110.45,-68.91,70.97
-114.64,-57.62,50.68
-108.89,-3.52,12.44
-109.17,35,-7.42
-110.31,2.47,-3.72
-101.51,-60.37,13.62
-109.09,-70.49,77.84
-105.74,-24.47,16.08
-105.31,40.59,-12.18
-113.34,62.95,-61.04
-117.52,60.82,-72.62
-119.36,55.55,-62.14
-112.76,21.48,-26.01
-97.57,-36.36,-9.56
-103.07,-76.39,75.71
-115.42,-115.11,112.43
-93.93,-18.73,15.99
-93.62,23.49,-3.75
-103.12,49.14,-28.15
-112.85,58.48,-57.31
-116.91,55.04,-60.08
-116.4,46.86,-48.45
-110.85,30.92,-33.45
-96.4,-6.96,-19.76
-93.07,-39.58,-8.24
-95.59,-57.02,4.96
-92.53,-54.63,5.83
-93.06,-50.03,22.04
-92.52,-42.63,31.61
-82.51,-12.55,19.23
-81.54,21.66,4.98
-84.88,35.14,-5.56
-89.24,40.44,-16
-91.38,40.85,-20.48
-93.02,39.81,-22.13
-95.81,43.36,-29.2
-103.95,50.92,-46.13
-101.68,50.51,-42.44
-91.42,42.53,-23.67
-83.5,27.68,-8.02
-78.69,10.76,3.26
-78.24,4.69,7.18
-78.91,9.55,4.75
-83.12,25.96,-4.32
-94.06,45.12,-24.08
-101.47,51.22,-40.14
-104.13,52.69,-46.49
-104.95,53.38,-49.6
-102.16,52.8,-47.18
-98.89,51.13,-43.65
-95.7,49,-40.03
-89.25,44.02,-33.1
-75.34,27.83,-19.11
-67.2,-19.36,6.26
-104.75,-61.97,68.09
-89.18,-46.52,47.38
-69.25,13.9,7.7
-83.03,45.22,-17.17
-89.84,45.69,-29.33
-79.25,14.24,-16.82
-74.4,-11.24,-11.85
-70.8,-26.61,-11.12
-74.05,-49.84,3.5
-91.83,-67.47,44.95
-115.09,-112.57,95.96
-107.18,-61.89,73.12
-65.59,-26.73,19.18
-68.34,31.06,-7.21
-87.73,54.01,-33.72
-97.59,57.08,-48.99
-99.87,54.37,-51.5
-102.05,54.19,-54.79
-100.81,55.21,-53.95
-100.09,55.6,-53.03
-99.81,52.91,-51.1
-86.68,40.53,-35.7
-68.1,0,-14.26
-73.71,-52.09,0.21
-87.49,-73.15,28.55
-88.44,-75.59,37.21
-91.97,-75.99,52.29
-110.39,-106.66,100.45
-124.64,-113.38,110.89
-54.5,-29.26,18.06
-56.78,24.12,-9.32
-65.21,35.52,-24.4
-49.56,-13.16,-11.06
-77.14,-73.44,27.53
-103.82,-67.9,80.33
-44.26,13.54,0.87
-76.52,56.43,-46.04
-105.39,55.82,-74.25
-74.15,44.1,-52.46
-46.34,15.56,-30.15
-44.44,-16.26,-19.31
-53.83,-47.43,-10.18
-66.72,-67.01,5.74
-52.58,-62.12,22.64
-33.03,-51.35,34.47
-27.83,-4.18,14.69
-40.31,41.75,-8.52
-61.69,57.7,-50.35
-98.35,56.21,-81.46
-101,54.92,-83.94
-88.61,54.86,-82.66
-55.27,56,-76.08
-30.54,54.99,-57.77
-23.17,52.68,-50.18
-27.01,49.66,-43.47
-28.28,49.94,-44.97
-28.66,50.95,-48.63
-27.47,51.35,-49.31
-22.77,48.97,-43.42
-21.28,47.46,-41.31
-24.47,44.86,-34.33
-25.42,45.07,-35.6
-24.65,44.31,-35.04
-23.86,42.74,-32.98
-23.05,41.15,-31.02
-22.17,39.07,-29.05
-19.48,34.36,-25.37
-15.83,22.15,-17.34
-12.52,-4.71,-3.87
-3.24,-46.48,23.69
41.86,-61.26,76.42
2.68,-41.42,42.59
-14.65,9.57,12.01
-19.83,42.36,-7.99
-21,50.01,-23.69
-20.17,42.1,-25.71
-20.51,14.65,-14.76
-19.91,-19.11,-11.26
-17.63,-48.92,-3.97
13.11,-75.87,47.69
113.23,-113.36,121.31
105.36,-119.83,120.86
3.68,-31.79,25.1
-4.73,22.35,-2.98
-2.13,50.5,-24.88
-0.36,56.31,-45.86
-6.22,43.54,-38.59
-9.62,20.49,-24.42
-14.23,-37.6,-9.87
40.22,-81.22,59.93
128.41,-126.74,150.76
85.87,-112.85,111.35
7.38,-6.24,4.08
8.66,35.64,-19.01
14.87,49.22,-40.81
13.45,48.13,-51.81
6.37,38.78,-43.97
1.35,22.81,-31.61
-2.75,-22.28,-14.14
1.24,-54.57,-1.62
25.53,-71.67,16.77
58.73,-76.69,33.37
63.26,-70.73,67.64
27.21,-31.93,27.54
16.71,7.63,4.94
21.16,41.72,-20.26
29.65,51.1,-47.61
35.27,50.53,-65.58
38.71,49.35,-75.25
34.7,50.14,-63.85
27.03,46.25,-42.55
24.22,43.69,-35.7
22.03,41.44,-32.17
20.75,39.85,-30.83
21.45,40.88,-33.35
21.44,42.16,-37.21
20.93,43.15,-40.15
21.66,44.23,-44.62
22.76,44.22,-44.76
23.8,43.74,-42.05
25.14,43.13,-39.35
26.34,42.83,-38.44
28.62,43.17,-37.99
29.53,41.36,-35.7
29.54,33.25,-27.66
31.26,29.26,-24.51
31.7,6.59,-10.37
44.87,-43.55,17.61
64.06,-116.89,93.57
48.39,-51.64,59.81
31.38,-12.91,21.84
33.13,36.32,-7.93
36.29,48.05,-28.67
27.43,34.53,-26.11
21.56,-2.83,-12.53
28.55,-31.71,-6.48
50.66,-57.14,5.18
68.82,-73.76,59.5
71.13,-114.28,107.76
58.39,-61.83,66.49
38.18,4.17,5.66
44.09,46.43,-23.81
48.16,55.8,-45.62
46.89,54.81,-55.05
38.38,44.16,-42.35
31.85,19.04,-23.49
35.02,-19.01,-11.66
64.41,-68.09,22.64
81.96,-119.88,141.14
65.09,-66.42,78.37
47.59,-8.25,10.02
47.51,28.8,-9.92
49.99,48.18,-31.97
48.58,51.49,-47.16
44.4,46.86,-47.14
41.19,40.22,-40.67
36.84,19.45,-23.97
40.32,-17.34,-8.89
56.57,-46.8,3.78
65.75,-54.31,16.66
63.48,-47.16,29.39
57.76,-26.9,28.99
57.67,1.52,17.88
59.33,26.56,7.37
57.35,46.06,-17.23
53.92,52.65,-45.57
51.54,52.79,-63.54
51.67,51.2,-54.22
52.6,48.51,-45.65
51.35,50.99,-63.34
50.97,50.6,-65.14
51.47,50.22,-61.61
53.43,49.15,-52.15
55.7,46.77,-43.68
55.97,44.63,-38.37
55.34,43.29,-37.18
56.32,42.24,-34.99
57.01,40.82,-32.71
58.39,39.28,-29.28
59.59,36.29,-26.04
60.88,32.98,-23.51
62.46,29.44,-21.16
64.18,24.11,-18.79
71.45,2.73,-4.99
75.61,-47.62,20.18
65.31,-64.85,85.69
67.04,-42.91,38.54
71.76,8.61,8.7
69.55,45.65,-16.48
64.55,50.07,-31.35
60.6,40.26,-30.88
63.52,5.51,-13.68
71.74,-33.76,0.56
78.1,-56.44,9
78.12,-75.56,52.68
69.78,-115.37,132.51
63.12,-122.84,134.27
69.05,-57.91,49.18
77.35,-18.59,14.58
79.67,22.72,-0.85
78.03,46.24,-11.77
73.4,57.99,-28.96
69.08,58.43,-41.32
68.27,47.5,-33.64
74.37,19.85,-18.28
80.46,-7.27,-11.4
80.02,4.81,-13.46
78.55,16.08,-13.58
76.23,29.5,-16.97
72.31,41.25,-24.73
70.57,40.18,-27.25
68.6,39.76,-30.71
71.43,26.29,-24.48
78.15,-0.5,-14.43
82.72,-27.29,-4.78
82.48,-39.76,2.29
82.06,-44.85,8.13
82.13,-40.9,10.03
84.39,-10.14,2.72
82.83,25.5,-7.07
79.84,43.59,-17.13
77.4,47.94,-23.96
77.86,33.15,-18.15
82.77,-2.51,-6.06
82.98,-49.2,7.69
78.62,-70.59,40.74
67.27,-113.37,122.05
56.11,-127.64,135.86
65.47,-61.4,73.73
90.91,-7.82,11.88
87.13,35.75,-11.48
74.44,55.77,-41.61
68.5,53.18,-51.22
72.28,39.64,-38.61
86.42,2.59,-18.3
90.63,-40.81,-4.09
87.5,-64.2,12.15
91.45,-66.67,11.16
82.48,-62.73,47.45
98.8,-31.07,26.22
103.18,19.02,4.72
87,48.47,-23.64
70.73,54.58,-56
66.2,53.82,-64.39
74.25,50.86,-47.94
80.77,45.84,-34.99
83,42.5,-30.84
84.25,41.4,-29.77
82.24,44.34,-34.19
87.6,39.8,-25.38
88.43,38.91,-24.08
81.08,45.39,-36.02
77.55,46.99,-41.56
85.67,39.77,-31.25
82.59,42.31,-36.27
80.09,44.74,-40.79
78.75,47.02,-44.13
83.25,46.21,-40.02
86.41,44.08,-37.26
88.91,42.82,-31.98
93.3,37.16,-24.14
91.49,38.02,-27.31
92.02,37.96,-27.69
93.27,37.11,-26.77
95.15,35.67,-25.28
96.78,34.48,-24.21
98.02,33.59,-23.82
98.91,33.16,-24.39
102.75,29.24,-22.42
115.73,-2.48,-5.05
86.67,-66.2,54.09
39.19,-121.59,122.76
109.21,-35.94,34.75
114.85,22.33,1.03
101.64,42.82,-19.7
98.6,40.11,-25.03
106.75,17.94,-15.8
110.22,-22.77,-4.36
108.36,-46.01,0.39
96.55,-68.96,26.04
65.99,-108.26,108.25
57.28,-114.6,106.44
118.3,-33.33,23.11
122.24,16.08,1.38
108.93,44.22,-16.44
89.98,55.83,-42.75
89.93,51.84,-44.64
109.34,29.53,-26.44
120.39,-25.98,-9.7
102.33,-68.96,13.25
56.55,-109.57,130.23
42.71,-115.96,120.79
133.42,-27.68,20.11
131.97,13.32,1.06
121.45,37.53,-15.52
99.04,53.18,-43.08
90.93,50.09,-52.93
107.02,38.42,-40.87
123.49,17.51,-27.81
125.49,-27.01,-11.11
116.8,-52.26,6.92
118.21,-60.73,14.32
125.59,-60.66,30.05
117.99,-61.73,70.18
151.76,-39.06,39.21
148.34,-4.77,18.39
134.27,39.48,-6.66
126.72,49.45,-26.32
119.51,53.02,-46.47
114.51,54.2,-62.09
123.49,54.1,-61.96
131.58,53.76,-57.94
138.34,52.33,-52.05
146.18,49.89,-45.52
147.73,40.97,-31.72
148,34.96,-25.58
150.38,33.63,-24.38
151.45,33.59,-24.01
152.89,31.43,-22.5
154.34,29.2,-20.94
157.33,20.51,-14.93
160.69,-6.3,-0.33
166.03,-42.99,22.97
173.61,-52.79,49.65
165.95,-41.21,33.92
155.96,4.82,15.05
153.66,13.21,11.28
149.01,36.49,-3.26
141.38,57.32,-28.75
131.57,60.73,-48.19
146.92,48.76,-37.03
155.2,20.83,-21
154.37,-9.55,-11.1
153.57,-28.12,-6.55
155.65,-38.57,-9.06
158.22,-60.53,0.85
170.84,-76.46,66.04
-42.96,-114.45,120.54
-55.37,-117.93,114.4
-175.97,-56.7,48.87
168.14,0.35,7.93
165.03,39.02,-10.98
160.31,59.96,-44.47
161.78,59.22,-61.3
165.32,55.25,-56.08
167.59,55.72,-58.38
175.01,58.24,-62.2
175.89,58.65,-59.78
169.79,50.09,-42.13
167.15,27.38,-23.41
165.07,-18.37,-7.56
163.24,-68.52,13.97
-69,-104.38,112.97
-44.17,-120.13,145.3
-43.29,-133.14,151.45
-105.63,-111.03,94.76
179.28,-8.27,4.5
-179.92,32.89,-18.76
176.01,-10.12,-9.44
-154.57,-70.09,22.46
-73.25,-117.91,131.42
-129.54,-63.21,75.26
-175.08,18.24,-1.43
-159.82,54.41,-38.55
-146.86,57.83,-64.94
-157.01,51.75,-58.66
-171.35,38.2,-41.17
-179.65,-4.77,-19.11
-176.17,-51.06,-1.31
-164.1,-59.17,16.59
-149.68,-51.3,17.84
-144.12,-49.27,30.86
-158.15,-18.52,19.8
-162.52,17.9,5.52
-159.23,34.49,-8.51
-159.22,38.12,-18.85
-156.8,40.97,-27.56
-147.33,48.91,-45.92
-140.69,51.94,-60.41
-137.61,53.05,-65.11
-137.16,53.45,-61.22
-138.71,52.01,-52.29
-138.85,51.13,-48.76
-138.67,50.5,-47.03
-138.88,49.27,-44.73
-141.6,42.17,-35.05
-144.98,9.43,-12.14
-136.94,-32.82,7.04
-127.86,-55.07,31.38
-126.27,-59.09,61.17
-134.23,-51.86,59.41
-151.65,-17.21,22.42
-143.79,38.45,-8.03
-129.91,60.49,-41.88
-134.29,56.3,-43.14
-147.22,37.1,-26.06
-156.08,0.09,-15.42
-151.31,-23.13,-10.54
-136.56,-43.09,-1.2
-124.87,-60.6,28.19
-119.21,-63.84,78.3
-128.77,-56.03,65.58
-144.88,-5.57,15.49
-138,36.52,-3.74
-127.81,58.21,-28.9
-124.42,62.61,-54.92
-128.4,58.41,-53.11
-142.76,32.27,-27.49
-143.26,-17.99,-10.9
-120.02,-63.71,17.75
-103.17,-116.54,125.43
-111.18,-122.34,120.91
-132.18,-21.73,14.82
-133.72,16.22,-3.14
-130.21,41.21,-19.95
-128.96,52.61,-40.29
-132.16,50.81,-47.68
-136.65,43.89,-42.89
-140.3,35.35,-37.15
-142.85,9.03,-22.19
-137.84,-26.07,-8.13
-127.64,-53.88,10.21
-125.03,-53.51,18.8
-118.01,-49.69,26.62
-121.13,-38.51,36.43
-121.84,-19.36,31.07
-117.95,18.26,14.72
-116.97,41.67,-3.02
-118.91,52.48,-27.65
-122.73,51.96,-43.3
-125.38,50.19,-53.65
-125.43,51.04,-60.69
-124.29,52.29,-61.45
-122.46,51.35,-52.78
-120.26,45.96,-36.75
-119.99,45.09,-35.9
-119.86,45.25,-35.77
-118.85,43.65,-33.22
-118.67,43,-32.33
-118.19,41,-30.45
-117.24,37.41,-27.57
-114.52,26.33,-19.55
-108.47,-19.46,5.93
-116.6,-58.44,64.03
-121.36,-50.81,63.19
-115.9,-24.92,33.35
-108.34,20.88,5.19
-111.24,53.43,-27.11
-115.96,55.23,-43
-117.45,29.82,-26.46
-110.06,-6,-12.5
-106.89,-22.08,-7.67
-109.39,-27.19,-2.92
-109.44,-27.3,-3.44
-104.35,-27.46,-5.54
-103.27,-46.68,10.07
-110.1,-64.14,54.78
-118.94,-60.07,82.44
-113.9,-42.77,41.96
-101.72,0.25,9.54
-101.94,37.62,-9.21
-109.72,59.83,-42.25
-115.82,59.62,-61.07
-115.52,54.51,-50.35
-107.91,21,-21.87
-100.4,-28.61,-5.38
-105.79,-69.69,53.66
-122.72,-124.07,126.66
-121.57,-120.35,97.58
-88.65,-2.34,15.26
-88.78,31.64,-1.42
-96.37,54.56,-21.78
-106.06,63.15,-51.24
-109.43,54.01,-49.22
-106.56,43.68,-38.77
-96.28,13.73,-22.34
-90.29,-15.04,-13.55
-92.73,-46.74,2.51
-95.05,-54.6,12.09
-90.63,-58.54,17.43
-91.93,-55.5,30.6
-87.92,-40.95,34.12
-77.1,-18.49,24.98
-73.27,11.38,13.89
-76.49,25.39,5.11
-82.42,36.01,-5.9
-88.28,40.99,-17.76
-91.47,40.4,-23.75
-96.36,42.77,-34.1
-102.52,43.36,-47.07
-105.51,44.28,-54.98
-103.79,45.62,-54.9
-96.78,44.16,-47.14
-90.25,41.58,-39.74
-84.38,37.26,-33.6
-83.35,36.7,-32.79
-82.89,36.7,-32.35
-77.81,34.01,-29.74
-68.74,25.36,-23.36
-60.41,-14.28,0.53
-95.69,-58.93,58.95
-89.31,-48.14,58.49
-72.7,-34.55,42.88
-62.35,3.37,15.08
-78.28,51.27,-19.56
-90.27,57.6,-42.95
-80.9,40.01,-31.71
-65.56,5.11,-17.07
-60.37,-15.67,-15.03
-61.29,-45.45,-3.65
-99.71,-74.26,74.22
-126.36,-117.27,103.88
-96.26,-58.26,64.11
-55.77,-25.09,21.73
-54.47,18.68,1.81
-65.18,45.47,-13.78
-82.58,58.88,-35.95
-90.61,58.11,-48.56
-76.16,47.67,-33.64
-76.1,48.58,-34.79
-80.14,53.61,-38.97
-81.43,56.16,-39.56
-84.66,57.04,-43.53
-79.5,50.87,-38.02
-70.47,40.03,-29.62
-55.76,-7.57,-10.91
-70.02,-56.97,5.47
-103.69,-103.34,91.03
-142.02,-119.2,138.68
-153.44,-124.65,138.36
-52.72,-46.95,31.65
-45.08,20.83,-0.02
-63,50.19,-24.46
-83.18,58.05,-50.3
-89.68,53.94,-56.94
-74.01,44.93,-43.84
-64.66,36.43,-34.67
-48.94,2.7,-17.12
-53.84,-36.42,-2.32
-62.12,-53.22,10.29
-44.9,-44.62,8.53
-30.23,-44.42,18.73
-21.15,-40.37,29.5
-23.96,-24.63,25.45
-32.71,-3.28,14.18
-39.76,18.45,5.05
-46.52,35.64,-7.32
-52.81,46.31,-27.37
-62.81,51.95,-52.03
-60.04,50.1,-55.99
-51.31,49.52,-53.24
-45.62,49.34,-48.29
-42.42,47.53,-40.41
-39.61,44.15,-33.69
-37.16,43.06,-32.2
-34.23,40.76,-29.31
-31.34,36.16,-23.61
-27.33,25.58,-14.21
-24.56,12.45,-8.1
-22.33,0.4,-3.14
-16.56,-43.73,19.32
44.78,-64.28,76.5
-2.22,-39.78,38.23
-19.78,5.15,9.33
-27.8,46.13,-22.02
-30.11,53.35,-45.29
-28.53,49.85,-48.26
-27.4,34.71,-32.39
-27.98,2.74,-15.68
-29.17,-25.07,-9.92
-25.72,-38.56,-4.72
-21.88,-64.23,24.17
75.73,-111,92
34.72,-62.65,73.01
-8.84,-14.96,14.84
-14.93,35.99,-9.2
-18.69,54.57,-30.95
-21.31,58.33,-51.2
-21.49,52.41,-53.51
-18.22,43.83,-42.57
-18.06,2.5,-18.65
-18.77,-35.11,-4.95
-9.23,-65.89,13.77
67.69,-75.63,83.51
114.7,-116.37,127.64
105.27,-118.51,121.03
25.52,-56.9,52.81
-0.96,-10.36,10.01
-1.85,35.11,-15.48
9.56,54.67,-45.19
25.42,55.43,-71.17
19.56,50.38,-70.22
12.77,44.83,-62.33
1.73,29.65,-42.8
-4.25,8.3,-29.67
-9.79,-31.41,-14.02
-6.14,-54.77,4.62
26.22,-61.95,24.72
33.94,-52.26,35.66
19.79,-25.41,24.72
12.98,10.65,11.88
13.62,33.66,-2.66
21.4,47.53,-27.83
34.85,54.47,-57
30.5,52.55,-50.75
25.94,50.24,-43.75
22.92,48.97,-39.16
22.49,48.76,-36.94
23.4,50.2,-40.84
19.99,48.83,-38.39
17.79,46.39,-34.61
18.69,46.34,-36.41
23.26,49.34,-47.43
24.49,49.07,-48.31
22.8,46,-39.23
21.74,44.9,-37.46
21.18,44.17,-35.84
20.45,41.72,-32.14
17.17,36.76,-24.74
17.66,34.94,-23.01
17.03,32.82,-21
17.43,33.22,-21.6
18.5,32.59,-21.23
19.29,31.1,-20.77
20.97,29.77,-21.37
21.47,16.03,-15.03
36.14,-38.63,15.49
66.98,-115.81,98.71
47.34,-51.8,57.95
24.93,7.3,11.24
33.37,46.5,-20.8
31.05,44.22,-28.29
20.14,22.97,-19.01
15.15,-10.33,-9.32
25.12,-32.5,-5.53
54.45,-64.9,23.21
71.32,-113.27,103.09
64.24,-118,96.69
35.27,-25.59,22.75
34.83,29.32,-3.05
45.49,56.01,-31.89
47.42,58.21,-48.42
39.78,49.62,-39.03
34.17,39.62,-30.07
28.37,-6.19,-12.29
61.74,-68.25,16.32
80.85,-115.87,132.09
74.87,-119.46,128
46.72,-21.06,18.21
46.13,21.6,-1.33
51.06,48.53,-23.38
52.7,56.83,-48.14
48.5,53.41,-53.54
44.06,48.57,-49.98
35.76,28.76,-31.07
37.91,-13.69,-14.68
53.46,-46.94,-2.52
66.45,-60.51,5.53
65.51,-52.68,19.94
62.41,-48.2,38.36
58.79,-6.77,20.06
59,28.65,0.43
55.83,44.85,-24.08
54.11,52.88,-52.94
52.7,52.85,-64.86
52.29,52.57,-67.76
52.8,53.24,-69.01
54.63,53.15,-57.47
55.42,53.03,-55.73
56.14,53.99,-57.51
56.33,54.73,-60.42
57.02,47.54,-39.12
57.15,39.71,-27.87
58.44,36.64,-25.39
57.38,36.17,-25.07
56.29,37.7,-25.98
56.28,38.23,-27.29
57.58,36.89,-25.14
58.3,35.87,-23.73
58.8,34.73,-22.76
59.86,33.04,-21.01
62.44,29.27,-17.52
64.46,23.73,-13.68
65.65,19.57,-10.85
65.39,13.37,-8.33
66.44,1.33,-3.38
70.15,-32.15,11.86
70.02,-69.09,75.61
65.66,-64.84,81.6
66.18,-59.15,57.18
64.29,-47.42,38.6
67.08,-40.97,20.97
67.33,-43.34,23.39
64.81,-56.71,54.39
64.29,-39.37,36.91
67.76,31.48,-5.46
62.52,60.96,-64.08
56.45,52.87,-63.67
58.71,28.21,-32.7
62.46,3.09,-20.82
72.78,-28.78,-8.01
77.54,-63.32,22.4
68.58,-67.92,80.03
66.28,-61.16,63.33
77.26,-5.77,10.58
75.55,39.44,-11.76
67.66,60.39,-48.26
63.07,58.75,-60.06
61.66,52.93,-51.64
65.06,31.21,-27.88
77.64,-25.71,-8.82
76.1,-71.38,50.52
64.28,-115.76,114.53
77.4,-43.62,24.85
80.55,21.85,-7.45
74.88,48.29,-25.27
67.08,60.21,-55.69
62.15,54.83,-57.84
62.96,42.72,-41.39
68.26,20.26,-25.87
77.4,-16.2,-10.66
78.4,-44.14,3.33
77.25,-62.04,21.85
78.61,-57.48,20.85
84.89,-45.91,16.82
86.99,-37.1,22.51
88.8,-25.55,27.95
95.47,4.5,16.01
91.05,29.86,0.13
82.68,41.17,-22.04
76.01,44.98,-38.43
69.61,48.23,-52.74
67.08,49.33,-57.99
71.35,49.73,-52.73
73.94,50.03,-50.06
75.45,50.37,-48.76
77.59,50.48,-46.41
83.04,48.24,-40.52
89.03,44.08,-34.53
95.96,37.6,-28.37
104.62,25.33,-19.83
108.91,19.19,-15.45
113.15,-0.61,-5.95
104.95,-42.6,17.46
82.64,-58.58,56.69
86.68,-48.34,53.15
106.85,-14.88,24.95
102.55,32.44,-2.76
79.34,63.49,-49.86
68.7,61.62,-70.68
77.71,50.34,-46.4
95.34,19.66,-20.47
103.71,-14.56,-8.51
106.05,-45.75,0.7
84.4,-73.55,53.93
59.36,-114.06,108.18
74.42,-60.51,70.05
116.27,-15.97,18.73
112.24,32.23,-2.39
98.56,52.63,-20.83
86.8,60.43,-40.71
77.51,61.84,-58.83
77.27,59.17,-58.58
91.84,46.42,-37.35
113.06,10.53,-16.65
111.21,-41.46,-4.22
91,-70.88,37.08
67.82,-109.06,99.39
48.88,-118.22,118.15
102.38,-52.9,40.52
125.15,9.94,3.04
103.38,51.12,-29.52
80.39,58.74,-60.91
81.08,52.22,-57.75
96.66,40.98,-42.64
113.28,21.62,-29.74
120.57,-20.32,-14.1
104.88,-58.17,7.64
100.34,-67.5,25.47
125.87,-53.95,25.43
141.63,-34.82,24.97
140.56,8.45,11.7
129.54,37.13,-7.51
115.8,49.81,-37.68
99.81,52.54,-58.86
93.92,52.24,-65.38
100.3,52.2,-61.84
116.65,49.24,-45.89
122,47.2,-40.94
123.84,46.84,-41.06
127.38,46.14,-40.14
131.09,43.99,-36.12
134.05,41.21,-32.08
136.9,38.48,-28.85
139.49,35.26,-26.37
143.64,30.65,-23.52
151.23,6.65,-9.31
153.06,-41.93,19.38
-13.18,-119.4,97.11
170.8,-53.85,69.25
157.48,-17.76,27.21
150.7,22.98,6.95
137.84,52.82,-18.95
133.58,56.14,-23.48
131.89,56.84,-28.03
117.39,62.34,-50
116.71,59.76,-55.82
140.91,40.43,-30.08
146.79,1.69,-11.02
145.18,-17.24,-7.78
145.1,-24.35,-7.6
147.76,-36.04,-6.64
148.54,-57.29,11.48
154.97,-70.36,58.54
-178.4,-68.9,82.26
-176.78,-64.86,69.81
166.99,-37.85,24.16
160.68,12.02,1.42
154.38,49.51,-24.33
143.03,59.62,-50.95
145.82,55.6,-49.79
155.45,44.46,-32.89
158.75,5.15,-14.63
152.73,-42.92,-2.68
151.28,-74.42,51.3
-55.47,-108.94,102.28
-55.17,-113.93,110.65
-179.04,-52.79,38.3
166.94,20.94,-2.48
168.76,54.62,-39.11
175.07,58.93,-69.59
171.61,55.1,-68.71
168.51,49.19,-55.85
164.28,27.75,-30.84
160.95,-12.82,-13.35
160.1,-39.67,-1.49
167.51,-47.9,7.51
-175.82,-52.03,11.48
-167.28,-42.47,22.49
-171.68,-28.46,22.45
177.23,10.69,8.8
175.83,18.9,4.96
175.77,23.34,-2.58
176.91,35.67,-17.63
-172.93,47.58,-43.81
-160.56,51.14,-58.83
-157.11,52.65,-60.1
-153.13,54.09,-59.26
-150.86,54.97,-56.26
-162.23,44.09,-33.51
-169.35,9.17,-5.75
-152.39,-46.36,26.62
-131.74,-58.45,66.59
-148.38,-47.29,44.92
-164.92,-26.97,28.17
-174.07,29.02,-5.67
-147.53,58.85,-58.72
-158.19,50.03,-52.26
-175.72,18.75,-25.82
-178.78,-10.16,-15.6
-170.15,-29.71,-8.99
-142.05,-60.59,27.75
-132.63,-59.58,64.33
-146.77,-49.05,47.89
-166.39,-0.01,11.34
-158.16,47.83,-16.53
-135.7,64.52,-60.29
-136.54,59.98,-68.1
-156.05,47.52,-44.12
-169.86,-6.06,-16.51
-149.85,-56.79,8.54
-111.36,-70.65,84.99
-133.09,-56.86,47.47
-155.45,1.45,9.45
-152.36,40.71,-11.73
-141.52,57.2,-39.46
-135.51,58.65,-62.82
-146.99,50.04,-52.59
-159.51,32.01,-33.58
-162.84,-15.14,-12.64
-145.97,-55.76,9.34
-124.88,-68.44,39.11
-131.81,-54.7,21.41
-134.92,-39.33,11.09
-136.86,-22.9,4.94
-131.6,-24.12,6.29
-131.02,-29.97,19.1
-138.91,-20.85,24.32
-144.39,-0.52,15.8
-145.32,18.85,1.94
-142.51,33.85,-15.53
-135.4,49.34,-46.46
-130.46,53.87,-66.91
-129.32,54.58,-65.14
-130.53,51.65,-47.19
-135.68,33.64,-20.18
-134.9,42.99,-32.3
-133.24,48.88,-44.85
-131.78,50.15,-45.4
-131.07,50.15,-44.85
-130.09,47.08,-35.42
-130.51,39.77,-25.83
-130.8,28.26,-16.67
-128.32,-3.21,-2.82
-118.09,-51.05,25.45
-112.48,-115.18,108.42
-119.36,-60.96,84
-130.26,-12.17,16.4
-125.37,44.93,-17.29
-121.06,61.36,-54.87
-125.35,57.24,-59.57
-132.43,44.83,-42.34
-136.84,3.36,-17.58
-127.94,-31.28,-5.1
-111.75,-63.08,21.28
-112.5,-113.36,96.78
-119.81,-119.88,90.72
-125.28,-31.31,28.7
-121.59,16.83,4.35
-118.49,46.42,-14.55
-119.41,58.11,-39.75
-121.97,55.22,-41.39
-128.28,27.77,-21.55
-119.81,-31.99,-4.51
-106.79,-73.75,58.95
-111.12,-119.21,127.15
-116.37,-60.62,60.76
-113.89,-3.04,11.37
-114.06,30.17,-4
-116.22,52.26,-27.94
-120.62,57.78,-55.53
-124.88,51.81,-51.79
-127.68,36.59,-34.44
-125,10.7,-19.21
-116.76,-25.1,-7.43
-110.11,-47.87,3.42
-110.47,-44.93,6.87
-106.62,-38.65,9.05
-106.67,-36.46,17.46
-110.39,-35.18,31.65
-109.98,-22.57,30.57
-102.71,12.73,18.21
-102.64,32.42,5.88
-105.55,37.01,-2.66
-107.38,39.62,-9.57
-114.88,50.96,-38.44
-120.81,54.57,-65.64
-120.02,55.4,-66.7
-115.34,52.92,-49.21
-111.32,48.49,-36.76
-109.51,46.06,-33.37
-109.99,46.6,-34.93
-108.57,45.69,-32.54
-105.76,41.18,-26.47
-103.44,39.59,-25.1
-97.42,30.08,-17.07
-88.37,2.15,-4.16
-88.06,-35.99,10.81
-106.36,-65.57,61.62
-108.33,-56.5,55.22
-91.04,1.35,9
-103.31,52.36,-28.66
-111.35,60.26,-56.65
-110.79,50.89,-45.19
-99.54,15.38,-18.62
-91.31,-28.17,-5.32
-94.21,-63.64,19.71
-109.83,-109.29,94.51
-120.7,-117.47,112.57
-103.76,-54.52,47.85
-83.18,3.17,6.2
-93.02,44.01,-16.91
-104.27,56.95,-41.47
-108.7,55.31,-49.08
-109.75,54.48,-50.8
-107.3,56.75,-49.46
-107.79,58.8,-52.45
-107,55.6,-47.75
-97.03,34.1,-25.92
-86.89,-10.54,-9.07
-90.51,-62.35,7.96
-109.42,-108.82,128.78
-121.36,-116.74,129.62
-81.12,-30.66,19.03
-79.31,19.71,-2.46
-94.31,48.74,-26.9
-102.91,53.7,-41.9
-105.18,47.2,-41.85
-98.79,33.33,-32.14
-87.91,9.47,-20.02
-84.27,-34.71,-4.64
-92.08,-61.12,15.99
-91.47,-58.55,21.06
-81.1,-52.41,19.98
-78.66,-46.23,33.4
-72.45,-34.62,35.38
-63.74,-5.2,19.17
-68.24,26.14,2.32
-83.77,48.09,-25.3
-102.98,55.32,-58.74
-102.57,54.76,-59.16
-87.69,50.03,-39.47
-81.62,46.82,-32.8
-83.18,48.36,-36.41
-83.99,47.79,-39.37
-74.08,40.56,-23.76
-71.31,35.35,-15.92
-72.33,34.56,-15.93
-72.49,33.46,-14.97
-72.91,32.89,-14.09
-72.7,32.13,-12.99
-72.49,31.19,-12.47
-80.58,40.81,-24.74
-89.61,47.21,-39.47
-89.27,48.55,-41.64
-83.28,46.43,-36.46
-80.45,44.82,-35.41
-74.86,41.73,-29.98
-67.06,35.14,-22.21
-53.51,8.78,-8.22
-63.09,-51.79,23.92
-149.45,-119.46,129.77
-112.47,-62.07,85.82
-52.18,-5.68,12.18
-68.35,43.56,-20.14
-79.58,48.78,-35.94
-65.35,24.99,-24.12
-58.39,-20.87,-10
-72.72,-59.69,18.84
-114.92,-110.5,97.72
-136.35,-117.8,113.42
-82.73,-59.73,59.73
-46.13,3.86,5.47
-60.69,44.75,-19.64
-85.41,57.65,-49.33
-94.63,54.32,-58.71
-69.4,38.28,-36.25
-51.48,-20.54,-11.31
-75.07,-68.6,32.65
-91.08,-66.95,74.05
-38.62,-37.16,24.39
-40.53,6.03,3.69
-53.74,39.69,-17.11
-70.69,51.26,-38.19
-77.87,49,-46.98
-63.45,36.65,-36.29
-49.57,10.58,-19.9
-49.22,-21.78,-3.78
-57.84,-46.96,12.35
-65.48,-56.08,31.39
-64.6,-55.06,37.51
-60.27,-52.89,34.24
-54.73,-50.22,30.65
-44.17,-34.39,15.7
-36.85,-34.63,11.73
-31.7,-31.78,4.78
-29.74,-31.71,3.42
-29.44,-30.13,3.91
-28.26,-28.64,3.41
-28.1,-28.53,3.72
-27,-26.67,4.52
-26.03,-24.43,3.61
-25.4,-23.24,4.66
-24.02,-20.52,4.25
-23.81,-19.41,3.92
-23.61,-18.7,4.16
-23.55,-18.07,3.96
-23.25,-17.59,3.78
-23.1,-17.11,3.64
